<?xml version="1.0" encoding="UTF-8" ?>
<!DOCTYPE mapper
  PUBLIC "-//mybatis.org//DTD Mapper 3.0//EN"
  "http://mybatis.org/dtd/mybatis-3-mapper.dtd">
<!-- SQL명령들을 지정하는 매퍼 파일들을 만든다. 
맵퍼 파일마다 namespace를 다르게 지정해야 id값을  구분하기 편하다 
스프링에서는 namespace 값을 DAO인터페이스의 패키지 전체 경로로 줘야 한다 -->
<mapper namespace="emp">
  <select id="selectAll" resultType="empvo">
  	select * from emp
  </select>
  <select id="selectDept" parameterType="string" resultType="empvo">
  	select * from emp where deptno = #{deptno}
  </select>
  
  <select id="selectList" parameterType="string" resultType="empvo">
  	select 
  		* 
  	from 
  		emp 
  	<where>
  		<if test="deptno != null and deptno != ''">
  			deptno = #{deptno}
  		</if>
  	</where>
  </select>
</mapper>