<?xml version="1.0" encoding="UTF-8" ?>
<!DOCTYPE configuration
  PUBLIC "-//mybatis.org//DTD Config 3.0//EN"
  "http://mybatis.org/dtd/mybatis-3-config.dtd">
<configuration>
	<!-- 프로퍼티 파일을 사용하겠다 -->
	<properties resource="db.properties" />

	<!-- 타입의 별칭을 지정한다 -> 줄여서 사용하기 위해 
	VO를 만들때마다 추가한다 -->
	<typeAliases>
		<package name="kr.human.vo"/>
		<!-- vo안의 모든것을 자동으로 등록, 단, 패키지가 있어야 한다
		모두 소문자로 변환되어 나온다 -->
	</typeAliases>

	<!-- DB연결 정보 -->
	<environments default="development">
		<environment id="development">
			<transactionManager type="JDBC" />
			<!-- 만약 오라클이 안되거나 마리아 DB를 쓰고 싶다면 m.이라고 하면 된다 -->
			<dataSource type="POOLED">
				<property name="driver" value="${o.driver}" />
				<property name="url" value="${o.url}" />
				<property name="username" value="${o.username}" />
				<property name="password" value="${o.password}" />
			</dataSource>
		</environment>
	</environments>

	<!-- SQL명령이 들어있는 매퍼파일을 지정한다. 필요하면 계속적으로 추가 가능 -->
	<mappers>
		<mapper resource="testMapper.xml" />
		<mapper resource="empMapper.xml" />		
	</mappers>
</configuration>